{"cameraMode":{"drawMode":0,"name":"Shaded","section":"Shading Mode"},"sceneLighting":true,"audioPlay":false,"sceneViewState":{"m_AlwaysRefresh":false,"showFog":true,"showSkybox":true,"showFlares":true,"showImageEffects":true,"showParticleSystems":true,"showVisualEffectGraphs":true,"m_FxEnabled":true},"in2DMode":false,"pivot":{"x":2.5470902919769289,"y":-3.3235902786254885,"z":22.15245819091797},"rotation":{"x":0.2986240088939667,"y":0.018903939053416253,"z":-0.005918304901570082,"w":0.9541720747947693},"size":12.461819648742676,"orthographic":false}